G_front,G_vert,G_lat,ant_id,RSSI,phase,freq,person,activity
0.31893,0.97377,0.066138,3,-62.0,2.347,925.25,28,1
0.33066,0.96229,-0.013684,2,-45.5,0.51542,922.25,16,4
0.7176,0.055119,0.86435,4,-55.5,5.757,925.25,27,3
0.9521,0.69818,0.16876,2,-57.0,5.5085,923.75,17,2
0.29548,0.97377,0.031928,1,-54.0,5.484,925.75,28,1
0.20168,1.0082,0.020525,2,-55.5,5.3244,922.25,29,4
0.31893,0.97377,-0.013684,2,-47.5,6.1451,923.25,17,4
0.69414,0.82449,0.14596,2,-58.0,5.6865,923.25,17,2
0.35411,0.95081,-0.082102,1,-40.5,5.5852,922.75,16,4
0.70587,0.80152,0.13456,2,-57.5,6.1344,921.25,16,2
0.7176,0.79004,0.14596,2,-57.0,6.2341,921.25,16,2
1.0694,0.10105,0.45384,1,-60.0,4.4455,924.75,22,3
0.49481,0.91636,0.11175,3,-57.0,0.45713,924.25,27,1
0.68242,0.75559,0.031928,2,-55.0,5.0652,923.75,15,2
0.69414,0.80152,0.12315,2,-56.0,5.2585,923.75,16,2
0.15478,1.0427,-0.013684,4,-55.5,2.1016,924.75,28,1
0.31893,0.96229,0.043332,3,-61.0,5.6251,920.75,27,1
1.0107,-0.12861,0.85295,4,-56.5,0.75012,923.75,16,3
0.2603,0.98526,0.054735,1,-57.5,0.85443,924.75,27,1
0.60034,0.84746,0.077541,2,-56.5,4.2721,925.75,17,2
0.97555,0.67521,0.15736,2,-56.5,5.257,924.25,17,2
0.98728,0.15847,0.38542,1,-59.5,4.0973,925.25,22,3
1.0576,-0.071196,0.12315,3,-57.5,6.208,923.25,17,3
1.0107,0.28478,-0.025087,4,-57.0,0.56604,921.25,19,3
0.91693,0.69818,0.22578,2,-57.0,0.072097,920.75,16,2
0.33066,0.95081,0.066138,1,-54.0,1.8469,924.75,28,1
0.77622,0.76708,0.19157,2,-58.5,5.9733,921.75,17,2
0.24858,0.93932,-0.025087,2,-45.0,0.084369,922.75,16,4
0.75277,0.74411,0.066138,2,-57.5,0.001534,920.75,15,2
0.70587,0.79004,0.14596,2,-57.5,5.7141,922.75,17,2
0.14305,1.0082,0.14596,2,-55.5,4.9793,923.75,18,2
0.70587,0.76708,0.043332,2,-55.0,5.3459,922.75,15,2
0.23685,1.0312,0.031928,3,-59.5,6.228,920.75,27,1
0.79967,0.28478,0.47665,1,-61.0,0.85136,925.75,19,3
0.58862,0.16995,0.71611,1,-63.0,1.83,924.25,18,3
0.29548,0.97377,-0.0022806,2,-46.0,0.49087,922.25,16,4
0.68242,0.15847,0.75032,1,-62.0,0.94647,925.25,18,3
0.34238,1.0771,-0.16192,1,-46.0,5.6174,925.25,16,4
0.28376,0.97377,0.043332,1,-58.5,1.9098,923.25,27,1
0.060972,0.97377,0.020525,4,-56.0,4.22,925.25,17,4
0.44791,0.91636,0.12315,3,-56.5,4.1586,923.75,27,1
1.0107,0.62928,0.19157,2,-55.5,5.0407,923.75,15,2
0.060972,0.88191,-0.070699,4,-58.5,0.1672,924.75,15,1
0.96383,0.14698,0.57927,4,-58.0,2.1031,920.75,20,3
0.33066,0.95081,0.066138,3,-62.5,3.9301,922.75,28,1
0.29548,0.97377,-0.059296,2,-45.5,5.4334,925.25,17,4
0.61207,0.85894,0.12315,1,-59.0,1.7564,924.75,16,4
-0.11491,0.88191,0.10035,2,-55.0,4.108,925.25,29,2
1.0576,-0.071196,0.12315,3,-57.0,5.1971,924.75,17,3
0.28376,0.97377,0.043332,3,-56.5,0.064427,924.75,27,1
0.28376,0.92784,0.22578,2,-54.0,4.9762,925.25,18,2
0.41273,0.93932,0.11175,3,-56.5,3.9976,923.75,27,1
0.84658,0.68669,0.12315,2,-58.0,0.018408,920.75,15,2
0.38928,0.98526,-0.0022806,1,-59.5,3.5389,922.75,16,4
0.14305,1.0427,-0.0022806,3,-61.5,0.52002,923.75,28,1
0.36583,0.93932,0.077541,1,-57.0,1.1781,924.25,27,1
0.34238,0.59483,0.71611,4,-58.0,5.0744,922.25,16,1
1.0107,0.62928,0.19157,2,-54.5,1.4542,924.75,15,2
-0.45495,0.53741,0.066138,2,-47.0,0.59365,925.75,22,4
0.49481,0.91636,0.11175,3,-56.5,0.096641,924.75,27,1
0.27203,0.97377,0.031928,3,-65.0,5.3106,925.75,16,4
0.30721,0.97377,0.088944,3,-58.5,1.1505,923.25,27,1
0.98728,-0.14009,0.86435,4,-57.0,2.4513,922.25,16,3
0.77622,-0.025263,0.75032,4,-56.5,0.22856,924.25,16,3
1.257,0.15847,0.088944,4,-55.0,5.3198,924.25,19,3
0.30721,0.96229,-0.025087,2,-46.5,5.6174,924.25,17,4
0.27203,1.0082,-0.013684,3,-62.0,2.6415,924.75,28,1
0.27203,0.92784,0.20297,2,-56.0,5.596,923.25,18,2
0.29548,0.96229,-0.03649,2,-44.5,5.7156,923.75,16,4
1.2804,-0.54201,0.18017,4,-65.5,0.37276,922.75,24,3
0.27203,0.98526,0.23718,2,-47.0,0.013806,925.25,28,4
0.24858,1.0082,0.043332,1,-56.5,0.31753,925.25,28,1
0.20168,1.0312,-0.0022806,3,-64.0,4.5835,921.75,28,1
0.24858,1.0082,0.031928,4,-53.5,1.4266,925.75,28,1
0.94038,0.68669,0.22578,2,-57.0,6.1957,921.25,16,2
0.9521,0.70966,0.23718,2,-56.5,5.9749,921.75,16,2
0.31893,0.96229,-0.025087,2,-43.5,5.122,924.75,16,4
0.14305,1.0427,-0.0022806,1,-55.5,4.2752,924.25,28,1
0.28376,0.97377,0.043332,1,-57.5,1.5815,923.75,27,1
0.50654,0.90487,0.066138,2,-43.0,5.1404,925.25,16,4
-0.12663,0.84746,-0.03649,3,-67.5,3.4898,921.25,17,4
0.99901,0.089569,0.46524,4,-53.5,5.8491,924.75,21,3
0.28376,0.96229,-0.025087,2,-46.0,0.39117,922.25,16,4
0.14305,1.0082,0.14596,2,-58.0,6.0516,921.25,18,2
0.7645,0.11254,0.83014,4,-57.5,0.12272,925.25,34,3
0.72932,0.75559,0.15736,2,-58.0,6.1267,921.75,16,2
0.38928,0.93932,0.11175,3,-64.0,0.56297,922.75,28,1
1.0811,0.066602,0.45384,1,-60.5,1.8009,924.25,22,3
0.28376,1.0886,0.020525,2,-56.5,1.5309,920.75,15,4
0.34238,0.97377,0.043332,3,-56.0,2.2979,925.75,27,1
0.18995,1.0197,-0.025087,3,-61.5,2.6937,924.75,28,1
0.1665,-0.10565,1.0126,3,-66.0,0.82988,925.25,27,3
0.1665,-0.10565,1.0468,3,-66.0,1.9129,923.25,27,3
0.14305,1.0082,0.14596,2,-56.0,5.6589,922.25,18,2
1.0459,0.11254,0.39683,4,-57.5,0.76546,921.75,21,3
0.33066,0.96229,-0.013684,2,-46.0,0.78847,921.75,16,4
0.9052,0.70966,0.22578,2,-57.0,0.22089,920.75,16,2
0.28376,0.97377,0.043332,3,-56.0,0.016874,924.75,27,1
1.1749,0.19292,0.0091224,1,-66.0,2.0724,924.75,19,3
0.33066,0.97377,0.066138,3,-56.5,2.4605,925.75,27,1
0.17823,1.0656,0.031928,4,-50.5,4.2353,925.25,16,4
-0.12663,0.84746,-0.03649,4,-58.0,5.3183,920.25,17,1
-0.37287,1.0197,-0.082102,2,-45.0,6.1022,925.25,19,4
0.27203,1.0082,-0.013684,4,-54.5,1.6322,925.25,28,1
0.69414,0.80152,0.12315,2,-56.0,5.6128,922.75,16,2
0.44791,0.91636,0.12315,3,-57.0,4.5268,923.25,27,1
0.38928,0.95081,0.077541,1,-55.0,1.0094,925.25,27,4
0.24858,1.169,-0.070699,2,-65.5,5.214,925.75,15,4
0.15478,1.0427,-0.013684,1,-58.5,6.0838,921.75,28,1
-0.65428,0.88191,0.21438,2,-47.5,0.16874,925.25,22,4
-0.12663,0.84746,-0.03649,4,-56.0,5.079,923.75,17,4
0.83485,0.68669,0.12315,2,-55.5,5.3383,923.25,15,2
0.24858,1.0082,0.043332,4,-56.0,6.2004,923.75,28,1
0.9521,-0.38124,0.043332,4,-63.0,4.6602,925.25,24,3
0.96383,0.28478,-0.082102,4,-56.5,1.356,923.75,19,3
0.33066,0.96229,-0.0022806,2,-48.5,1.0876,920.25,16,4
0.72932,0.76708,0.054735,2,-55.5,5.2631,923.25,15,2
0.060972,0.88191,-0.070699,4,-58.0,5.3597,925.75,15,1
0.8583,0.67521,0.12315,2,-56.0,5.2662,923.25,15,2
0.31893,0.96229,0.043332,3,-58.0,4.5789,922.75,27,1
0.096148,0.98526,0.10035,2,-56.5,5.4364,922.25,18,2
0.049247,0.88191,-0.047893,4,-55.0,0.95567,924.25,17,1
0.60034,0.84746,0.077541,2,-58.0,5.6098,922.75,17,2
0.27203,0.99674,0.077541,3,-57.5,2.5418,925.75,27,1
1.1866,0.19292,0.0091224,4,-60.0,0.33287,920.25,19,3
0.44791,0.91636,0.12315,3,-60.5,5.2324,921.75,27,1
1.0811,-0.15158,0.87575,4,-56.5,1.3468,923.25,16,3
-0.021106,1.0542,0.066138,2,-56.0,5.3567,922.25,18,2
0.75277,0.74411,0.077541,2,-55.5,5.0238,923.75,15,2
1.0576,-0.071196,0.12315,1,-57.0,6.1697,923.75,17,3
-0.36114,1.1116,0.031928,2,-52.0,5.8276,923.75,33,2
0.14305,0.80152,-0.059296,2,-51.5,5.8429,921.75,30,4
1.1632,0.19292,0.031928,4,-58.0,2.212,923.25,19,3
1.1866,0.16995,0.043332,4,-56.0,3.9515,924.75,19,3
0.70587,0.2044,0.57927,4,-55.0,0.84676,924.25,18,3
-0.31424,0.92784,-0.20754,2,-60.5,0.15033,920.75,17,2
0.8583,0.72114,0.21438,2,-56.5,5.8353,922.25,16,2
0.27203,0.98526,0.077541,1,-57.5,1.1091,924.25,27,1
0.28376,0.98526,-0.03649,2,-45.5,0.0061359,923.75,15,4
0.28376,0.97377,0.054735,1,-55.5,6.0331,925.25,28,1
0.36583,0.62928,0.75032,3,-66.5,5.438,922.25,27,4
-0.17354,0.57186,0.71611,4,-56.5,4.0911,925.25,27,1
0.084423,0.76708,0.2828,2,-55.5,4.9394,923.25,32,2
0.9521,0.68669,0.22578,2,-57.0,0.016874,921.25,16,2
0.97555,0.28478,-0.070699,4,-59.5,5.6665,921.75,19,3
0.92865,0.69818,0.20297,2,-55.5,6.1789,921.25,16,2
0.1665,0.97377,-0.013684,4,-61.5,5.6711,921.25,16,1
0.2134,-0.10565,1.0354,3,-66.5,1.8086,923.75,27,3
0.29548,0.96229,-0.03649,2,-44.0,5.7187,923.75,16,4
0.74105,0.10105,0.79593,4,-57.0,5.5868,920.25,18,3
0.36583,1.0082,-0.10491,2,-45.0,4.6878,925.25,15,4
0.29548,0.99674,-0.0022806,1,-59.0,6.1528,923.75,15,4
0.83485,-0.0022966,0.6591,3,-64.5,0.66728,925.25,22,3
0.24858,0.99674,-0.059296,2,-55.5,4.266,924.75,29,2
0.9521,0.69818,0.16876,2,-56.5,5.3076,924.25,17,2
0.82312,0.1355,0.64769,4,-57.0,2.0525,922.25,19,3
-0.032831,0.99674,0.066138,2,-48.5,4.7446,922.75,19,4
0.23685,1.0082,0.031928,1,-57.0,2.8379,922.75,27,1
0.82312,0.089569,0.72751,4,-57.5,0.68722,920.75,19,3
0.13132,0.98526,0.13456,2,-56.0,5.6834,922.25,18,2
0.69414,0.80152,0.13456,2,-56.0,5.3597,923.25,16,2
0.33066,0.96229,0.077541,1,-56.5,4.3243,924.25,28,1
0.99901,0.078086,0.46524,3,-59.0,1.4327,921.75,32,3
0.14305,1.0427,-0.0022806,1,-55.0,3.9024,924.75,28,1
0.60034,0.95081,0.088944,2,-48.0,3.9638,920.25,16,4
0.35411,0.97377,0.054735,3,-57.5,4.4608,923.75,27,1
0.72932,0.77856,0.15736,2,-55.5,4.9041,924.25,16,2
0.23685,-0.14009,1.0696,3,-66.0,0.98482,924.75,27,3
0.38928,0.93932,0.12315,1,-56.5,2.0064,924.75,28,1
0.33066,0.97377,-0.013684,2,-50.5,1.2747,920.25,17,4
0.29548,0.97377,0.031928,1,-55.5,0.033748,924.75,28,1
1.0811,0.066602,0.45384,4,-58.0,4.7952,921.25,22,3
0.7645,0.1355,0.48805,1,-68.0,5.2431,920.25,22,3
0.072698,0.82449,0.61348,1,-60.5,0.40497,921.75,16,1
0.49481,0.90487,0.13456,1,-57.5,5.9319,925.75,27,1
1.0107,0.2733,-0.070699,4,-56.0,0.37276,925.25,19,3
0.15478,0.97377,0.13456,2,-56.5,5.9779,921.75,18,2
0.75277,0.77856,0.15736,2,-55.0,4.8888,924.25,16,2
0.24858,0.97377,0.043332,1,-42.0,4.5252,921.25,16,4
0.74105,0.76708,0.18017,2,-59.0,5.7693,921.75,17,2
1.1045,-0.10565,0.15736,1,-57.5,4.2813,925.75,17,3
0.20168,1.0312,-0.0022806,1,-55.5,4.5483,923.75,28,1
0.1196,0.85894,-0.047893,1,-43.0,0.41417,920.75,17,4
0.1665,-0.094162,1.024,4,-57.0,4.3473,924.75,27,3
0.24858,0.93932,0.18017,2,-55.5,4.9824,923.25,18,2
0.36583,0.93932,0.077541,3,-57.5,5.958,925.25,27,1
0.96383,0.29627,-0.059296,4,-59.0,1.106,920.75,19,3
0.60034,0.11254,0.81874,4,-55.0,5.9089,925.25,27,3
0.27203,0.98526,0.020525,1,-59.0,2.4513,922.75,27,1
0.44791,0.91636,0.12315,1,-58.5,0.3835,925.25,27,1
0.7176,0.79004,0.12315,2,-56.5,5.5392,922.75,16,2
0.38928,1.0082,-0.059296,1,-55.5,5.7356,923.75,17,4
0.72932,0.77856,0.15736,2,-57.0,5.1741,924.25,17,2
0.38928,0.93932,0.11175,1,-56.5,1.3376,925.25,28,1
0.084423,0.76708,0.2828,2,-56.0,0.66728,924.75,32,2
0.1665,0.79004,-0.17333,2,-44.5,3.9454,925.25,28,4
1.0225,0.1355,0.38542,4,-55.0,4.9778,924.75,21,3
0.072698,0.82449,0.61348,4,-57.5,4.9992,925.75,16,1
0.072698,1.0197,-0.03649,1,-58.0,6.2586,923.25,15,4
-0.17354,0.57186,0.71611,4,-56.0,4.108,925.25,27,1
0.20168,1.0427,-0.025087,1,-45.0,3.5358,925.75,15,4
0.68242,0.81301,0.11175,2,-55.5,5.122,923.75,16,2
0.23685,1.0312,0.031928,3,-56.0,3.8396,924.25,27,1
0.2134,-0.11713,1.0126,3,-66.0,4.0589,925.25,27,3
0.56517,0.84746,0.043332,2,-56.0,5.9994,921.75,16,2
1.2804,0.14698,0.043332,4,-56.0,0.033748,925.75,19,3
0.27203,0.92784,0.20297,2,-55.5,5.5898,923.75,18,2
0.44791,0.91636,0.12315,3,-56.0,2.4912,925.75,27,1
0.27203,0.92784,0.20297,2,-54.0,4.625,925.25,18,2
0.78795,0.078086,0.79593,4,-55.0,0.59672,924.75,19,3
1.2101,0.19292,0.031928,4,-58.5,5.0499,922.75,19,3
0.63552,0.18143,0.71611,1,-66.5,0.24544,922.25,18,3
0.1196,-0.059712,1.0012,4,-56.0,3.8472,925.25,27,3
0.65897,0.81301,0.15736,2,-47.0,1.3729,920.75,16,4
1.0107,0.2733,-0.03649,4,-56.0,0.57524,925.75,19,3
1.1632,0.066602,0.44244,4,-59.0,1.1213,920.75,21,3
0.79967,0.75559,0.054735,2,-57.0,0.94033,923.75,32,2
1.2452,0.0091865,0.46524,1,-60.0,0.19021,925.25,21,3
1.0459,-0.14009,0.86435,4,-59.5,3.9024,920.75,16,3
0.38928,1.0082,-0.059296,1,-56.0,5.6174,924.75,17,4
-0.091458,1.1001,-0.21894,1,-67.5,6.096,922.75,16,4
0.1665,1.0197,0.0091224,1,-57.0,4.2062,924.25,28,1
0.70587,0.79004,0.14596,2,-55.0,4.99,924.25,16,2
-0.079733,0.66373,0.031928,2,-45.5,4.0344,924.75,16,4
0.75277,0.74411,0.066138,2,-56.0,5.6711,922.25,15,2
0.2603,0.066602,0.90996,4,-57.0,5.8613,921.25,28,3
0.72932,0.75559,0.15736,2,-56.5,5.4456,923.25,16,2
0.17823,1.0197,0.0091224,1,-56.0,4.6572,923.75,28,1
0.68242,0.80152,0.11175,2,-56.0,5.7877,922.25,16,2
0.92865,0.29627,-0.093505,4,-58.5,5.056,922.75,19,3
0.70587,0.79004,0.13456,2,-56.5,5.7509,922.25,16,2
0.8583,0.72114,0.20297,2,-57.0,6.1467,921.25,16,2
0.41273,0.97377,-0.013684,4,-53.0,4.7277,923.25,15,4
0.17823,1.0197,0.0091224,1,-55.0,3.835,924.75,28,1
0.7645,0.75559,0.15736,2,-56.5,5.5852,922.75,16,2
0.33066,0.97377,0.031928,1,-56.5,0.16107,925.25,27,1
0.67069,0.066602,0.86435,4,-55.5,2.6615,925.25,27,3
0.48309,0.16995,0.89856,4,-57.0,2.0402,923.75,29,3
0.67069,0.80152,0.10035,2,-54.5,4.3995,925.75,16,2
0.74105,0.76708,0.18017,2,-57.0,4.8934,924.25,17,2
0.61207,0.85894,0.12315,1,-59.0,2.5878,923.75,16,4
0.62379,0.078086,0.88716,4,-55.5,0.20555,924.75,27,3
0.72932,0.77856,0.15736,2,-58.0,0.28225,920.25,16,2
0.72932,0.76708,0.054735,2,-57.5,0.21629,920.25,15,2
0.28376,0.96229,-0.059296,2,-46.0,0.15033,923.25,15,4
0.23685,1.0082,-0.20754,2,-58.5,4.8182,922.25,33,2
0.82312,0.70966,0.12315,2,-57.5,6.2234,920.75,15,2
0.8583,0.078086,0.6819,4,-58.0,0.69796,925.25,17,3
0.79967,0.70966,0.10035,2,-55.0,4.7845,924.25,15,2
0.70587,0.79004,0.14596,2,-56.5,5.7632,922.25,16,2
0.38928,0.98526,-0.0022806,1,-59.0,1.2502,925.25,16,4
0.24858,0.99674,-0.059296,2,-54.0,0.60132,925.75,29,2
0.037521,1.1116,0.32841,2,-46.5,1.0308,922.25,27,4
0.72932,0.77856,0.14596,2,-55.0,5.2355,923.75,16,2
0.28376,0.97377,0.066138,1,-54.0,6.096,925.75,28,1
0.78795,0.078086,0.79593,4,-57.0,5.7432,925.75,19,3
0.33066,0.96229,-0.0022806,2,-48.5,1.1045,920.25,16,4
0.7176,0.2044,0.59068,1,-63.5,0.89584,925.25,18,3
0.28376,0.97377,0.088944,4,-55.0,5.6681,924.75,28,1
0.87003,0.2044,0.53366,1,-65.5,6.0393,924.75,20,3
0.84658,0.69818,0.12315,2,-55.0,4.8244,924.25,15,2
0.2603,0.98526,0.054735,3,-57.5,3.4146,924.75,27,1
1.1632,0.066602,0.44244,1,-62.0,5.958,921.75,21,3
0.70587,0.2044,0.59068,4,-56.0,5.3551,922.25,18,3
0.037521,0.91636,-0.36718,2,-48.0,0.072097,923.25,26,4
0.33066,0.97377,0.066138,3,-59.0,4.8397,922.25,27,1
0.33066,0.97377,0.077541,3,-56.0,6.277,924.75,27,1
0.10787,0.76708,0.3056,2,-55.5,5.8138,924.25,19,4
0.14305,1.0082,0.14596,2,-54.5,0.99862,925.75,18,2
0.58862,0.18143,0.6933,1,-64.0,5.3337,923.75,18,3
-0.59565,0.95081,0.11175,2,-47.5,3.8948,923.25,21,4
-0.17354,0.57186,0.71611,4,-56.0,4.0697,925.25,27,1
-0.31424,0.92784,-0.20754,2,-57.0,5.1296,920.75,17,2
0.18995,1.0197,-0.025087,3,-60.5,2.4528,925.25,28,1
0.67069,0.80152,0.10035,2,-56.0,5.1818,924.25,16,2
0.30721,0.95081,-0.013684,2,-46.0,0.3114,922.25,16,4
0.20168,1.0082,0.020525,2,-56.0,4.9026,922.75,29,4
0.49481,0.91636,0.11175,1,-57.5,5.961,925.75,27,1
0.24858,0.97377,-0.047893,2,-47.0,0.46786,921.25,16,4
0.29548,0.97377,0.031928,1,-55.0,5.7325,925.25,28,1
0.77622,0.72114,0.088944,2,-57.0,6.0562,921.25,15,2
0.33066,0.96229,0.077541,1,-61.5,0.087437,921.75,28,1
0.13132,0.98526,0.13456,2,-55.5,5.438,922.75,18,2
0.9521,0.69818,0.16876,2,-55.5,4.7262,925.25,17,2
0.64724,0.18143,0.70471,4,-57.0,5.3766,920.25,18,3
0.24858,0.93932,0.18017,2,-57.0,5.7846,921.25,18,2
0.24858,1.169,-0.070699,1,-56.5,5.5837,924.25,15,4
0.10787,0.99674,0.12315,2,-57.0,0.039884,921.75,18,2
0.20168,0.85894,0.0091224,2,-47.5,1.1397,921.75,15,4
0.33066,0.96229,0.077541,1,-55.5,0.053689,925.75,28,1
0.38928,0.95081,0.077541,1,-58.5,5.3766,923.25,27,4
0.41273,0.26182,0.83014,3,-63.0,0.35742,922.75,30,3
-0.17354,0.57186,0.71611,4,-56.5,4.0896,925.25,27,1
1.2101,0.16995,0.066138,4,-56.0,5.4978,922.75,19,3
0.33066,0.96229,0.077541,1,-56.0,3.6493,925.25,28,1
0.31893,0.96229,0.043332,1,-58.5,0.7179,924.75,27,1
0.2603,0.97377,-0.0022806,2,-55.0,2.4053,924.75,33,2
1.0225,0.60631,0.19157,2,-57.0,5.8644,921.75,15,2
1.0459,0.26182,-0.059296,4,-57.5,0.80381,924.75,19,3
-0.13836,1.1001,0.19157,2,-56.0,2.2703,925.25,30,2
1.1163,0.2044,0.031928,4,-58.5,5.8767,922.25,19,3
0.28376,0.98526,-0.03649,2,-45.0,5.033,925.75,15,4
0.77622,0.72114,0.088944,2,-57.0,6.1098,921.25,15,2
0.72932,0.75559,0.15736,2,-55.5,4.6326,925.25,16,2
0.31893,0.96229,-0.025087,2,-46.5,4.8796,925.75,17,4
0.72932,0.21588,0.59068,1,-66.5,0.03835,922.25,18,3
0.75277,0.76708,0.14596,2,-54.5,1.0492,925.75,16,2
0.31893,0.96229,0.0091224,2,-45.0,5.8184,924.25,15,4
1.128,0.066602,0.43103,4,-56.0,5.5914,923.75,21,3
0.34238,0.96229,0.088944,3,-59.5,0.42184,924.25,27,1
0.36583,0.98526,-0.013684,1,-65.5,4.6802,920.25,16,4
0.33066,0.97377,0.031928,3,-57.0,3.5757,924.25,27,1
0.30721,0.97377,0.088944,1,-57.5,5.935,925.75,27,1
1.2101,0.043636,0.45384,1,-60.0,0.20402,925.25,21,3
0.35411,1.0082,-0.059296,1,-41.5,0.34361,922.75,16,4
0.7176,0.79004,0.12315,2,-55.0,4.6878,924.75,16,2
1.0107,-0.12861,0.85295,4,-56.0,5.2876,925.25,16,3
0.98728,0.28478,-0.093505,4,-56.0,1.3913,923.75,19,3
0.31893,0.97377,0.066138,1,-55.0,4.5206,924.25,28,1
0.96383,0.65224,0.18017,2,-58.0,6.277,920.75,15,2
0.2603,0.98526,0.054735,1,-57.0,0.072097,925.75,27,1
0.17823,1.0197,0.0091224,4,-55.5,2.1844,924.75,28,1
0.40101,1.169,0.13456,2,-57.0,5.7233,920.25,30,4
0.30721,0.95081,-0.03649,2,-43.5,5.122,924.75,16,4
0.38928,0.95081,0.077541,1,-56.5,4.0666,921.75,27,4
0.2134,0.96229,-0.0022806,4,-58.5,5.4993,924.75,16,1
-0.13836,0.97377,0.16876,2,-46.0,5.8905,923.75,29,4
0.30721,0.95081,-0.03649,2,-44.0,5.7095,923.75,16,4
0.072698,1.0197,0.11175,2,-56.5,5.1941,922.75,18,2
-0.091458,1.1116,0.11175,2,-51.0,3.341,920.75,21,4
0.63552,0.12402,0.97838,3,-62.5,3.8748,921.75,30,3
0.27203,0.98526,0.020525,1,-62.0,3.7306,920.75,27,1
0.049247,1.0082,0.088944,2,-58.0,1.5723,921.25,26,4
1.2218,0.043636,0.47665,1,-57.5,5.395,925.75,21,3
0.0023451,1.0542,0.054735,2,-58.0,0.059825,920.25,18,2
-0.30252,0.90487,0.12315,2,-55.5,4.5667,924.75,19,2
0.75277,0.77856,0.16876,2,-55.0,4.7722,924.75,16,2
0.78795,0.72114,0.10035,2,-55.0,4.8949,924.25,15,2
1.0225,0.2733,0.6591,4,-56.5,6.0331,924.25,19,3
0.29548,0.25033,0.77313,4,-57.5,0.26845,922.25,34,3
1.0342,-0.42717,0.10035,4,-66.0,4.3166,921.75,24,3
0.9052,0.70966,0.21438,2,-57.5,0.41724,920.25,16,2
1.1397,0.078086,0.40823,4,-55.0,5.2401,924.25,21,3
0.29548,0.98526,-0.070699,2,-48.0,0.59365,920.75,15,4
0.23685,1.0197,0.031928,3,-56.0,4.605,924.75,29,1
0.68242,0.81301,0.11175,2,-56.0,5.5453,922.75,16,2
0.70587,0.2044,0.57927,4,-54.5,0.48627,924.75,18,3
0.31893,0.97377,-0.013684,2,-46.0,0.8759,921.75,16,4
0.70587,0.75559,0.043332,2,-55.0,5.5285,922.25,15,2
0.72932,0.77856,0.13456,2,-55.5,5.1511,924.25,16,2
0.41273,0.93932,0.11175,1,-57.5,1.6736,923.75,27,1
0.75277,0.76708,0.14596,2,-55.5,5.1036,923.75,16,2
0.40101,0.97377,-0.025087,1,-58.5,5.8015,923.75,16,4
0.072698,1.0197,0.11175,2,-55.0,0.948,925.25,18,2
-0.044557,0.96229,0.020525,1,-64.0,0.48014,925.75,16,4
0.29548,0.97377,0.031928,1,-55.5,5.9304,925.25,28,1
1.3156,-0.18603,0.23718,3,-57.0,6.0485,923.25,17,3
0.14305,0.80152,-0.059296,2,-50.5,0.21016,921.75,30,4
0.92865,-0.24344,-0.059296,3,-57.0,0.61359,921.25,23,3
0.29548,0.97377,-0.03649,2,-46.5,5.6604,924.25,17,4
0.23685,0.98526,0.066138,2,-47.0,1.5785,921.25,15,4
0.8583,0.73263,0.21438,2,-56.5,4.9118,924.25,17,2
-0.32597,0.92784,0.054735,2,-57.5,0.81454,923.25,27,2
0.29548,0.97377,0.031928,1,-58.5,4.7968,922.75,28,1
0.30721,0.96229,-0.013684,2,-45.0,5.8429,923.25,16,4
0.41273,0.91636,-0.059296,1,-58.5,0.58138,924.25,16,4
0.38928,0.93932,0.12315,3,-60.5,2.0801,925.25,28,1
-0.091458,0.96229,0.14596,2,-47.0,0.047553,922.25,19,4
1.0342,0.12402,0.39683,1,-59.5,4.3596,924.75,22,3
0.23685,1.0082,0.031928,3,-56.5,3.568,924.75,27,1
0.084423,0.95081,0.020525,2,-43.0,4.3979,923.75,28,4
-0.31424,0.92784,-0.20754,2,-58.5,4.9808,923.25,17,2
0.49481,0.90487,0.13456,3,-58.0,6.0516,925.25,27,1
0.33066,0.97377,0.066138,3,-56.0,0.34975,924.25,27,1
0.33066,0.96229,0.077541,4,-55.0,5.9887,924.25,28,1
0.91693,0.69818,0.14596,2,-59.5,0.34975,920.75,17,2
0.29548,0.97377,0.031928,3,-59.5,2.5756,924.75,28,1
0.34238,0.25033,0.81874,3,-62.5,5.6696,924.25,30,3
0.8583,0.73263,0.21438,2,-58.5,5.915,921.75,17,2
0.31893,0.96229,0.043332,1,-57.5,5.9181,925.75,27,1
0.30721,0.97377,0.088944,1,-56.5,2.0172,923.75,27,1
0.36583,0.93932,0.077541,3,-57.5,2.5203,925.75,27,1
0.72932,0.77856,0.13456,2,-57.0,0.45099,920.25,16,2
-0.45495,1.0082,-0.03649,2,-45.0,6.0838,923.75,19,4
0.34238,0.59483,0.71611,3,-56.5,0.29606,921.75,16,1
0.58862,0.38813,0.89856,4,-61.0,0.43565,924.75,15,1
0.31893,0.97377,0.066138,4,-55.0,5.5591,924.75,28,1
0.18995,1.0082,-0.082102,2,-57.0,6.1927,923.75,33,2
0.13132,0.99674,0.14596,2,-55.0,5.1818,923.75,18,2
1.0107,0.26182,-0.059296,4,-56.5,1.1275,924.25,19,3
0.69414,0.82449,0.14596,2,-56.0,4.8474,924.75,17,2
0.88175,0.67521,0.14596,2,-57.5,0.064427,920.75,15,2
0.49481,0.10105,0.92136,4,-57.5,4.5866,921.75,15,3
0.78795,0.28478,0.48805,1,-63.5,5.7171,923.75,19,3
1.1163,0.23885,-0.025087,4,-59.5,0.37276,920.25,19,3
0.99901,0.11254,0.41963,4,-56.0,0.33287,923.75,22,3
0.57689,0.055119,0.89856,4,-53.5,5.734,925.75,27,3
0.27203,0.98526,0.077541,3,-57.0,4.6388,922.75,27,1
0.56517,0.83597,0.066138,2,-56.5,5.8659,922.25,16,2
0.15478,0.97377,0.13456,2,-54.5,1.6552,924.25,18,2
0.30721,0.97377,-0.025087,2,-46.5,4.9364,925.75,17,4
-0.091458,0.92784,0.0091224,4,-58.0,4.4746,925.75,16,1
0.41273,0.91636,-0.059296,1,-59.0,5.4886,922.25,16,4
1.2921,-0.45014,0.088944,1,-66.5,0.35588,921.75,23,3
0.18995,1.0197,-0.025087,3,-59.5,1.9788,925.75,28,1
0.40101,1.0886,0.24859,2,-45.5,0.37276,923.25,17,4
0.82312,0.72114,-0.013684,2,-58.0,5.6021,925.75,24,2
0.18995,1.0082,-0.082102,2,-55.0,5.2585,925.25,33,2
1.0811,0.22737,-0.0022806,4,-55.0,4.987,923.75,19,3
0.72932,0.77856,0.15736,2,-58.0,5.8,922.75,17,2
1.0107,-0.12861,0.85295,4,-56.5,5.2738,925.25,16,3
0.27203,0.98526,0.020525,1,-56.5,6.2126,925.75,27,1
0.13132,1.0197,0.0091224,2,-48.5,0.010738,923.25,29,4
0.97555,0.67521,0.15736,2,-58.0,5.8092,922.75,17,2
0.2134,0.96229,-0.0022806,4,-58.5,5.4732,924.75,16,1
0.54171,1.1001,-0.03649,4,-50.5,1.1014,923.25,17,4
0.29548,0.97377,-0.03649,2,-46.0,0.13039,923.25,15,4
0.060972,0.88191,-0.070699,3,-59.0,2.7596,920.75,15,1
-0.49012,0.92784,-0.013684,2,-49.5,0.095107,922.25,22,4
0.28376,0.97377,0.088944,1,-61.0,2.5832,922.75,28,1
0.22513,0.99674,0.10035,2,-46.0,1.9113,922.25,17,4
0.69414,0.82449,0.14596,2,-56.5,1.33,925.75,17,2
0.75277,0.74411,0.077541,2,-56.0,5.2232,923.25,15,2
0.48309,0.91636,0.088944,2,-59.0,0.88971,922.75,27,2
1.3039,0.1355,0.077541,4,-56.5,5.7754,923.25,19,3
0.78795,0.70966,0.077541,2,-56.5,5.7325,922.25,15,2
0.70587,0.80152,0.13456,2,-55.5,5.1849,923.75,16,2
0.38928,0.93932,0.11175,1,-55.0,2.2227,924.75,28,1
0.1196,0.99674,-0.17333,2,-56.5,1.2195,923.75,17,4
0.8114,0.18143,0.62489,4,-55.5,0.57064,924.25,19,3
0.36583,0.96229,-0.03649,2,-49.0,1.7104,920.75,17,4
1.2452,0.0091865,0.53366,4,-56.5,0.30526,923.75,22,3
0.23685,1.0197,0.031928,4,-59.0,5.6512,923.75,29,1
0.91693,0.11254,0.46524,3,-64.0,1.3514,921.25,32,3
-0.091458,0.88191,-0.013684,4,-58.0,0.88511,925.25,15,1
0.037521,0.91636,-0.36718,2,-47.0,4.401,923.25,26,4
0.33066,0.97377,0.0091224,2,-44.0,4.4624,925.75,16,4
0.62379,0.18143,0.70471,1,-61.5,4.0697,925.25,18,3
0.28376,0.97377,0.088944,4,-58.5,5.3843,921.25,28,1
0.31893,0.97377,0.066138,4,-56.5,4.6173,922.25,28,1
0.94038,0.089569,0.73892,1,-64.5,2.2427,923.75,18,3
0.60034,0.84746,0.077541,2,-57.0,5.1281,923.75,17,2
0.51826,0.15847,0.92136,4,-57.5,0.29299,925.25,29,3
0.18995,1.0197,-0.025087,1,-54.0,5.4579,925.75,28,1
0.49481,0.90487,0.13456,1,-59.0,1.9021,923.25,27,1
-0.31424,0.92784,-0.20754,2,-57.5,5.1864,923.75,17,2
0.49481,0.91636,0.11175,3,-57.0,0.37583,924.25,27,1
0.36583,0.93932,0.077541,3,-58.0,3.9132,923.75,27,1
0.20168,0.97377,-0.12771,2,-43.5,0.11965,925.25,15,4
1.2452,-0.41569,0.066138,1,-63.0,5.2554,923.75,23,3
-0.32597,0.90487,0.054735,2,-44.5,5.9058,925.25,19,4
0.33066,0.97377,0.066138,3,-58.0,3.996,923.75,27,1
-0.45495,0.88191,0.031928,2,-48.0,2.8057,922.75,22,4
-0.59565,0.95081,0.11175,2,-48.0,3.703,923.25,21,4
0.17823,1.0082,-0.34437,2,-55.5,6.096,925.25,27,2
0.13132,0.98526,0.13456,2,-54.0,1.2287,925.25,18,2
0.68242,0.76708,0.031928,2,-56.5,6.0316,921.25,15,2
1.0694,0.055119,0.73892,4,-57.5,2.6231,921.25,18,3
-0.091458,0.92784,0.0091224,4,-61.0,5.7494,921.25,16,1
0.72932,0.77856,0.15736,2,-57.0,4.9946,924.25,17,2
0.2603,0.97377,-0.0022806,2,-54.0,1.7533,925.75,33,2
1.0459,-0.14009,0.86435,4,-56.0,5.8261,924.75,16,3
0.30721,0.98526,-0.0022806,2,-45.0,5.8721,924.25,15,4
0.1665,1.0197,0.0091224,4,-59.5,1.465,922.25,28,1
0.18995,1.0082,-0.082102,2,-58.5,0.52922,922.75,33,2
0.27203,0.99674,0.077541,1,-57.0,1.9727,923.75,27,1
1.128,0.12402,0.6819,1,-64.0,3.9684,922.25,19,3
0.27203,0.98526,0.077541,3,-56.0,2.3501,925.75,27,1
0.30721,0.0091865,0.96698,4,-55.5,0.5507,923.75,28,3
0.15478,1.0427,-0.013684,1,-58.0,5.1235,923.25,28,1
0.56517,0.16995,0.71611,1,-67.0,1.8607,920.75,18,3
0.23685,1.0312,0.031928,1,-57.5,0.0061359,925.75,27,1
0.30721,0.97377,0.088944,1,-57.0,6.0792,922.75,27,1
0.28376,0.99674,0.066138,3,-59.5,4.9594,922.25,27,1
0.34238,0.96229,0.088944,3,-58.5,4.1141,923.75,27,1
-0.11491,0.92784,-0.025087,2,-44.0,3.6447,923.75,28,4
0.15478,0.92784,0.020525,2,-47.5,5.0299,924.25,28,2
0.28376,0.98526,-0.047893,2,-46.0,0.13192,923.25,15,4
-0.45495,0.88191,0.031928,2,-47.5,6.0408,922.75,22,4
0.60034,0.84746,0.077541,2,-56.5,4.9041,924.25,17,2
0.49481,0.90487,0.13456,1,-57.5,0.82528,924.75,27,1
1.0342,0.26182,-0.03649,4,-59.0,0.27458,921.75,19,3
0.0023451,1.0542,0.054735,2,-54.5,1.491,924.25,18,2
0.58862,0.38813,0.89856,4,-58.5,1.0416,920.75,15,1
0.31893,0.96229,-0.03649,2,-47.5,6.185,923.25,17,4
0.24858,0.60631,0.83014,3,-63.5,1.6322,923.25,34,1
0.63552,0.74411,0.27139,2,-51.5,0.81454,925.25,15,2
0.8583,-0.048229,0.78453,4,-59.5,3.9178,920.75,16,3
0.54171,0.19292,0.90996,3,-62.5,0.33287,922.75,30,3
-0.13836,1.0197,0.24859,2,-51.0,3.0081,921.25,33,4
-0.45495,0.88191,0.031928,2,-47.5,6.251,922.75,22,4
0.14305,0.98526,0.15736,2,-56.0,5.5223,922.75,18,2
0.41273,0.93932,0.11175,1,-61.5,3.8396,921.25,27,1
0.88175,0.67521,0.14596,2,-56.5,5.7279,922.25,15,2
0.7176,0.79004,0.13456,2,-55.0,4.6802,924.75,16,2
0.060972,0.88191,-0.070699,4,-58.0,0.3973,922.75,15,1
0.30721,0.97377,-0.047893,2,-45.5,5.4533,924.75,17,4
0.72932,0.77856,0.15736,2,-57.0,5.5499,923.75,17,2
-0.31424,1.0542,-0.025087,2,-44.5,6.004,925.25,19,4
0.75277,0.77856,0.15736,2,-55.5,5.3367,923.25,16,2
-0.044557,0.73263,0.33981,2,-52.5,2.4222,920.25,21,4
0.27203,0.92784,0.20297,2,-56.0,5.4656,922.75,18,2
-0.45495,0.53741,0.066138,2,-46.5,0.7808,925.75,22,4
-0.51357,0.97377,0.0091224,2,-48.5,0.43872,922.25,22,4
1.0225,0.1355,0.38542,1,-60.5,2.0141,922.75,21,3
0.54171,0.19292,0.90996,3,-61.5,5.5039,924.75,30,3
0.57689,0.18143,0.6933,4,-56.5,5.1803,920.75,18,3
0.94038,0.69818,0.15736,2,-56.5,1.2226,924.25,17,2
0.48309,0.88191,0.088944,1,-64.0,0.2439,923.25,15,4
0.38928,0.93932,0.11175,3,-61.0,5.5346,924.75,28,1
0.8583,0.72114,0.20297,2,-55.0,5.1419,923.75,16,2
1.0107,0.078086,0.72751,1,-62.5,0.92346,925.25,18,3
0.67069,0.75559,0.031928,2,-56.0,5.5515,922.25,15,2
0.14305,1.0427,-0.0022806,1,-57.0,5.3797,922.75,28,1
0.75277,0.77856,0.16876,2,-56.5,5.6987,922.75,16,2
0.29548,0.95081,-0.03649,2,-46.5,0.44946,921.75,16,4
0.60034,0.95081,0.088944,3,-65.0,5.7908,923.25,16,4
0.8583,0.12402,0.6819,3,-64.0,1.4834,921.25,19,3
0.0023451,1.0542,0.054735,2,-55.5,4.8351,923.75,18,2
0.15478,0.97377,0.13456,2,-54.0,1.1735,925.75,18,2
0.27203,0.96229,-0.11631,3,-65.5,0.88817,924.25,16,4
0.27203,0.97377,-0.082102,2,-48.5,0.3973,922.75,17,4
1.0928,0.22737,-0.013684,1,-68.0,3.769,922.25,19,3
1.0459,0.26182,-0.0022806,4,-54.5,1.2042,925.75,19,3
0.15478,0.67521,-0.24174,2,-43.5,3.2428,925.75,32,4
0.20168,1.0312,-0.0022806,1,-54.5,6.0991,925.75,28,1
0.88175,0.055119,0.87575,1,-64.0,5.3444,923.75,18,3
0.75277,0.76708,0.14596,2,-55.0,4.8827,924.25,16,2
0.48309,0.91636,0.088944,2,-57.0,6.1329,924.75,27,2
0.28376,0.97377,0.088944,1,-56.5,0.17794,925.75,28,1
1.1983,0.032153,0.44244,1,-62.5,4.5927,923.25,21,3
0.70587,0.14698,0.76172,1,-67.0,0.78386,921.75,18,3
1.2335,0.15847,0.066138,4,-55.0,0.45406,925.75,19,3
0.23685,1.0082,-0.20754,2,-54.0,6.231,925.75,33,2
0.28376,0.97377,0.043332,3,-57.0,4.5513,922.75,27,1
0.70587,0.80152,0.12315,2,-56.5,5.8767,922.25,16,2
0.43619,0.14698,0.81874,4,-56.0,6.1727,923.25,31,3
0.91693,0.69818,0.22578,2,-56.5,5.7095,922.25,16,2
0.99901,0.28478,-0.070699,4,-58.0,1.014,924.25,19,3
0.70587,0.79004,0.14596,2,-57.0,4.9456,924.25,17,2
0.30721,0.97377,-0.03649,2,-46.5,5.9687,923.75,17,4
0.30721,0.97377,0.054735,3,-58.5,0.65041,924.25,27,1
0.2603,1.1116,-0.059296,1,-65.5,0.0061359,920.25,16,4
0.98728,0.14698,0.39683,4,-57.0,0.58905,923.25,22,3
0.18995,1.0197,-0.025087,4,-56.5,3.4346,923.75,28,1
0.28376,0.99674,0.066138,3,-58.0,2.6154,925.75,27,1
0.99901,-0.28938,-0.025087,1,-69.0,0.81915,920.75,25,3
-0.11491,0.88191,0.10035,2,-58.5,6.2034,921.75,29,2
0.74105,0.0091865,0.70471,4,-57.0,0.76392,923.75,16,3
0.98728,0.29627,-0.082102,4,-58.5,5.4364,922.25,19,3
0.1665,-0.11713,1.0468,3,-65.0,4.5989,923.75,27,3
1.3273,-0.43866,0.10035,1,-61.0,4.2154,925.25,23,3
0.58862,0.38813,0.89856,4,-56.5,5.6711,920.25,15,4
0.27203,1.0082,-0.013684,1,-55.5,5.8997,925.75,28,1
0.41273,0.79004,0.25999,2,-50.0,1.6812,923.25,33,4
0.37756,1.0082,-0.20754,2,-49.5,0.30066,923.25,33,4
0.24858,0.97377,-0.0022806,2,-47.5,5.283,925.25,17,4
0.28376,0.97377,0.066138,4,-58.0,3.9485,922.75,28,1
-0.17354,0.57186,0.71611,4,-56.5,4.1279,925.25,27,1
0.38928,0.95081,0.077541,3,-57.0,3.5328,924.75,27,4
-0.15009,1.2264,-0.03649,2,-43.5,1.1597,922.75,27,4
0.98728,0.29627,-0.082102,4,-56.5,0.88204,924.75,19,3
-0.11491,0.88191,0.10035,2,-55.0,4.0927,925.25,29,2
0.27203,0.98526,0.077541,1,-57.0,0.86517,924.75,27,1
0.8114,0.1355,0.52226,1,-64.0,6.2709,923.25,22,3
0.28376,1.0082,0.043332,2,-46.5,2.6768,924.25,29,4
0.77622,-0.025263,0.75032,3,-56.5,5.3229,925.25,16,3
0.9052,0.70966,0.21438,2,-55.5,5.2524,923.75,16,2
1.0107,0.62928,0.19157,2,-56.5,5.4426,922.75,15,2
0.34238,0.97377,0.043332,3,-57.0,4.3488,923.25,27,1
0.98728,0.26182,-0.047893,4,-55.5,5.3321,924.25,19,3
0.30721,0.97377,0.088944,1,-56.5,0.53843,924.75,27,1
0.072698,0.76708,0.077541,2,-56.5,1.7012,923.75,15,2
0.33066,0.98526,-0.03649,2,-47.0,0.52155,922.75,17,4
0.75277,0.76708,0.14596,2,-57.5,0.27305,920.25,16,2
0.34238,0.96229,0.088944,3,-59.5,4.7768,922.75,27,1
0.7176,0.79004,0.12315,2,-56.0,5.171,923.75,16,2
0.44791,0.91636,0.12315,3,-57.5,4.7001,922.75,27,1
0.29548,0.99674,-0.0022806,1,-59.0,0.25617,923.25,15,4
0.36583,0.93932,0.077541,1,-56.5,0.15647,925.25,27,1
0.24858,1.0082,0.031928,4,-55.0,5.7954,924.25,28,1
0.70587,0.79004,0.13456,2,-55.0,4.9026,924.25,16,2
0.33066,0.97377,0.031928,1,-57.0,0.20095,925.25,27,1
0.89348,0.29627,-0.047893,3,-51.5,0.88664,924.75,19,3
0.17823,1.0082,-0.34437,2,-59.0,6.0255,920.25,27,2
0.27203,0.98526,0.23718,2,-46.0,0.24697,925.25,28,4
1.0811,-0.15158,0.87575,4,-56.5,5.912,924.75,16,3
0.33066,0.97377,-0.013684,2,-46.5,4.852,925.75,17,4
0.1665,1.0197,0.0091224,4,-56.0,6.0362,923.75,28,1
0.24858,1.0197,-0.070699,2,-47.0,0.89278,922.25,15,4
0.30721,0.87042,0.25999,1,-50.0,6.1405,924.75,28,4
1.2687,0.14698,0.066138,4,-58.0,5.5085,922.25,19,3
0.68242,0.83597,0.13456,2,-47.0,0.6274,921.25,16,4
0.28376,1.0082,-0.013684,4,-50.5,5.5929,922.25,16,4
0.7176,0.79004,0.13456,2,-57.0,6.1804,921.25,16,2
-0.17354,0.57186,0.71611,3,-66.0,3.9485,924.75,27,1
0.18995,0.88191,-0.025087,2,-45.0,0.21476,922.75,16,4
0.31893,0.97377,-0.059296,2,-45.5,5.4502,925.25,17,4
0.67069,0.80152,0.11175,2,-56.5,5.6757,922.75,16,2
0.31893,0.032153,0.96698,4,-55.5,1.8469,922.25,28,3
0.27203,0.92784,0.20297,2,-55.0,5.2125,924.25,18,2
-0.25561,0.82449,-0.13912,2,-47.5,6.0362,924.75,16,4
0.28376,0.97377,0.043332,1,-57.0,0.33134,925.25,27,1
1.2335,0.15847,0.066138,4,-54.5,0.33901,925.75,19,3
0.27203,0.99674,0.0091224,3,-56.5,4.1709,923.75,27,1
0.8583,0.14698,0.6591,4,-56.0,1.9788,922.25,18,3
0.99901,-0.41569,0.066138,4,-68.0,5.441,920.25,24,3
0.56517,0.83597,0.066138,2,-56.5,5.5085,922.75,16,2
0.36583,0.93932,0.077541,3,-57.5,5.5622,925.75,27,1
0.52999,0.043636,0.96698,4,-58.0,2.0402,924.25,15,3
1.3039,0.032153,0.47665,1,-62.0,2.7765,921.75,21,3
0.072698,1.0197,-0.03649,1,-56.0,3.9024,924.25,15,4
0.34238,0.97377,0.043332,3,-56.0,2.4636,925.75,27,1
0.1196,0.99674,-0.17333,3,-65.5,1.9819,923.25,17,4
0.23685,1.0312,0.031928,1,-57.5,1.0615,924.75,27,1
0.8583,0.73263,0.21438,2,-57.5,5.1327,923.75,17,2
0.34238,0.97377,0.054735,2,-44.0,5.8859,924.75,15,4
0.38928,0.93932,0.12315,3,-61.0,5.5085,924.75,28,1
0.75277,0.76708,0.14596,2,-56.0,5.3413,923.25,16,2
-0.044557,0.96229,0.020525,1,-55.0,1.4373,922.25,16,4
0.23685,1.0542,0.16876,2,-48.0,1.9988,923.25,26,4
0.89348,0.066602,0.86435,1,-63.0,4.8704,924.25,18,3
0.55344,0.14698,0.70471,4,-56.0,5.1296,921.25,18,3
0.75277,-0.01378,0.71611,4,-59.0,0.20862,921.25,16,3
0.69414,0.84746,0.16876,2,-44.0,5.2385,924.25,16,4
0.89348,0.16995,0.36262,1,-60.5,0.099709,921.25,21,3
0.33066,0.97377,0.077541,1,-59.5,0.30219,921.75,27,1
0.7645,-0.16306,1.1038,3,-62.0,5.7754,920.25,16,3
0.20168,0.93932,0.16876,2,-55.5,5.2278,922.75,18,2
0.23685,0.97377,-0.025087,2,-44.5,1.3959,925.75,17,4
0.92865,0.26182,-0.082102,4,-60.0,0.42338,920.25,19,3
1.2218,0.18143,0.066138,4,-56.0,5.0867,923.25,19,3
0.15478,1.0427,-0.013684,4,-56.0,5.6895,924.25,28,1
1.3742,-0.22048,0.25999,1,-57.5,1.2625,922.25,17,3
-0.044557,1.0771,-0.013684,2,-44.0,4.3933,924.75,28,4
0.23685,1.0197,0.031928,4,-56.5,5.935,925.75,29,1
0.58862,0.38813,0.89856,4,-59.0,5.4855,921.75,15,1
0.9052,0.26182,-0.070699,4,-59.5,0.4694,920.25,19,3
0.17823,1.0197,0.0091224,4,-58.0,3.4423,923.25,28,1
0.14305,0.98526,0.15736,2,-55.0,4.7569,924.25,18,2
0.79967,0.70966,0.10035,2,-56.5,5.6404,922.25,15,2
1.1514,0.15847,0.054735,4,-56.5,4.8167,924.25,19,3
0.34238,0.97377,0.043332,3,-56.0,0.095107,924.75,27,1
0.97555,0.12402,0.41963,4,-56.5,0.49241,922.75,21,3
0.49481,0.92784,0.066138,1,-61.5,4.8627,920.75,16,4
-0.12663,0.84746,-0.03649,3,-58.5,5.2431,924.75,17,4
0.27203,0.92784,0.20297,2,-54.5,5.2907,923.75,18,2
0.36583,0.96229,-0.03649,2,-47.5,1.3392,921.75,17,4
-0.16181,1.0312,0.11175,2,-54.5,2.2457,925.25,26,4
0.18995,1.0197,-0.025087,1,-54.5,6.1727,925.25,28,1
0.70587,0.80152,0.12315,2,-55.0,5.0084,924.25,16,2
0.29548,0.97377,0.031928,3,-60.0,1.965,925.75,28,1
0.50654,0.19292,0.92136,4,-55.5,0.75779,921.75,30,3
0.97555,0.64076,0.18017,2,-57.0,5.8475,921.75,15,2
0.14305,1.0312,-0.082102,4,-68.0,1.1351,925.75,27,4
0.36583,0.93932,0.077541,1,-58.0,1.9666,923.25,27,1
0.82312,0.73263,0.20297,2,-57.5,5.5576,922.75,17,2
0.78795,0.72114,0.10035,2,-58.0,0.21936,920.25,15,2
0.22513,0.93932,0.0091224,2,-46.5,1.6153,922.25,17,4
0.7645,-0.16306,1.1038,3,-57.5,4.7661,925.75,16,3
0.35411,0.97377,0.054735,1,-57.5,0.59058,925.25,27,1
1.0928,0.055119,0.75032,1,-64.5,5.9902,922.75,18,3
1.2452,0.0091865,0.53366,4,-57.0,1.0692,922.75,22,3
0.31893,-0.0022966,1.0012,4,-56.5,6.2203,920.75,28,3
0.060972,0.97377,0.020525,1,-58.5,5.0299,920.75,17,4
0.50654,0.98526,0.077541,1,-60.5,0.092039,920.75,17,4
0.072698,1.0197,0.11175,2,-55.0,4.3688,924.25,18,2
0.29548,0.96229,-0.013684,2,-46.5,0.53843,921.75,16,4
0.8583,0.67521,0.12315,2,-55.0,4.7998,924.25,15,2
0.34238,0.95081,0.0091224,2,-43.5,4.5912,925.25,16,4
0.38928,0.95081,0.077541,1,-56.0,3.7874,922.25,27,4
0.30721,0.97377,0.088944,3,-57.0,4.6449,922.75,27,1
0.84658,-0.0022966,0.020525,4,-54.0,5.3567,925.25,19,3
0.27203,0.97377,0.020525,2,-44.5,5.7371,924.75,15,4
0.33066,0.97377,0.031928,3,-57.5,3.8396,923.75,27,1
1.1632,0.19292,0.054735,4,-58.5,5.7984,922.25,19,3
0.33066,0.96229,-0.013684,2,-47.0,1.3576,920.75,16,4
0.14305,1.0082,0.14596,2,-55.5,4.8044,924.25,18,2
0.24858,1.0082,0.043332,4,-55.0,5.7892,924.25,28,1
0.58862,0.84746,0.031928,2,-55.5,5.8598,922.25,16,2
1.0811,0.2044,0.0091224,4,-60.5,0.7854,920.25,19,3
0.17823,0.066602,0.90996,4,-55.5,1.0492,923.25,28,3
0.31893,0.97377,-0.013684,2,-46.0,0.88817,921.75,16,4
0.24858,0.93932,0.18017,2,-57.5,6.0301,920.75,18,2
0.40101,0.97377,-0.013684,1,-60.0,0.96027,925.75,16,4
1.0225,0.60631,0.19157,2,-57.0,5.6543,922.25,15,2
1.2452,0.15847,0.088944,4,-57.5,5.0069,923.75,19,3
0.68242,0.79004,0.11175,2,-55.0,5.1266,923.75,16,2
0.18995,0.99674,0.054735,2,-57.5,6.1313,925.25,31,2
0.27203,0.99674,0.0091224,1,-56.0,2.4774,923.25,27,1
0.75277,-0.025263,0.71611,4,-57.0,5.3321,925.25,16,3
0.1196,1.1001,-0.20754,2,-57.5,0.5645,920.25,17,4
0.34238,0.97377,0.043332,3,-56.5,4.0037,923.75,27,1
0.88175,0.11254,0.6819,4,-55.0,0.024544,925.25,19,3
1.128,-0.47311,0.13456,4,-66.0,1.1658,921.75,24,3
1.1866,0.16995,0.054735,4,-55.0,4.8827,924.75,19,3
0.28376,0.97377,0.054735,1,-55.5,3.5051,924.75,28,1
0.7645,0.73263,0.077541,2,-56.5,5.441,922.75,15,2
1.128,-0.11713,0.16876,3,-57.0,0.7808,921.75,17,3
0.40101,0.95081,0.088944,1,-57.0,1.0262,925.25,28,1
0.29548,0.97377,-0.059296,2,-45.5,5.4196,925.25,17,4
0.61207,0.19292,0.6933,1,-62.0,4.8167,924.25,18,3
-0.32597,0.92784,0.054735,3,-66.0,0.30833,925.75,27,2
1.339,0.12402,0.077541,4,-55.5,4.4347,924.25,19,3
0.33066,0.97377,0.066138,3,-57.0,0.087437,924.75,27,1
0.15478,0.81301,-0.025087,1,-39.5,1.6766,921.75,17,4
0.072698,1.0197,0.11175,2,-55.5,4.7691,923.75,18,2
0.2134,1.0197,0.0091224,1,-55.5,2.6967,925.75,28,1
1.0107,0.2733,-0.025087,4,-56.0,5.5576,922.75,19,3
0.28376,1.0082,0.066138,2,-44.0,2.1629,925.75,17,4
0.91693,0.69818,0.14596,2,-56.5,5.2048,924.25,17,2
0.23685,1.0082,-0.20754,2,-55.5,0.17948,923.75,33,2
0.1665,1.0197,0.0091224,4,-56.5,0.43105,923.25,28,1
0.24858,1.0082,0.031928,4,-56.5,0.47247,923.25,28,1
0.35411,0.97377,0.020525,2,-44.0,5.2738,924.25,16,4
0.51826,0.15847,0.92136,4,-57.5,0.30066,925.25,29,3
0.7176,-0.01378,0.90996,4,-58.5,6.2433,923.25,27,3
0.91693,0.69818,0.22578,2,-55.5,4.8765,924.25,16,2
0.38928,0.93932,0.11175,1,-59.0,3.025,923.25,28,1
0.40101,1.169,0.13456,1,-56.5,4.4624,922.25,30,4
0.33066,0.97377,-0.03649,2,-46.5,5.9043,923.75,17,4
0.24858,1.169,-0.070699,2,-50.5,0.62433,924.75,15,4
0.68242,0.75559,0.031928,2,-57.0,6.0638,921.25,15,2
0.24858,1.0197,-0.17333,4,-50.0,6.1605,923.75,17,4
-0.0093803,1.0656,0.14596,2,-58.0,3.9884,920.75,34,4
0.33066,0.96229,0.077541,1,-57.5,4.7185,923.75,28,1
0.41273,0.93932,0.11175,3,-56.5,5.892,925.25,27,1
0.61207,0.85894,0.12315,1,-63.0,5.4073,920.25,16,4
-0.16181,1.0312,0.11175,2,-57.5,5.6006,923.75,26,4
0.33066,0.96229,0.077541,4,-57.0,4.8412,922.25,28,1
0.10787,0.90487,-0.082102,1,-44.5,4.625,922.25,15,4
1.2452,0.18143,0.054735,4,-58.0,5.4334,922.25,19,3
0.8583,0.078086,0.6819,2,-68.5,2.5111,922.25,17,3
0.7176,-0.0022966,0.83014,4,-58.0,5.8767,923.75,17,3
1.2452,-0.16306,0.21438,1,-57.0,1.172,922.25,17,3
0.049247,0.88191,-0.047893,1,-65.0,2.1031,924.25,17,1
0.79967,0.28478,0.47665,4,-57.5,0.4694,921.75,19,3
1.1983,0.055119,0.47665,1,-62.5,1.2026,920.75,22,3
0.33066,0.96229,0.077541,1,-55.5,3.8488,924.75,28,1
0.30721,0.97377,0.088944,3,-56.5,6.0362,925.25,27,1
0.2603,0.98526,-0.17333,4,-64.0,5.4303,921.75,17,4
0.2603,0.97377,-0.0022806,2,-54.5,1.9129,925.25,33,2
0.8583,0.72114,0.20297,2,-54.5,4.6802,924.75,16,2
0.40101,0.26182,0.84154,3,-62.5,1.85,925.75,30,3
0.84658,0.68669,0.12315,2,-56.0,5.4732,922.75,15,2
0.96383,0.29627,-0.03649,4,-57.0,0.13039,921.25,19,3
0.30721,0.96229,-0.047893,2,-49.0,1.5861,920.75,17,4
0.38928,0.98526,-0.0022806,1,-62.0,5.1204,920.75,16,4
0.27203,0.99674,0.077541,3,-58.5,4.3197,923.25,27,1
0.70587,0.79004,0.14596,2,-57.0,5.1833,923.75,17,2
0.99901,0.11254,0.41963,1,-60.5,4.1985,925.25,22,3
0.78795,0.089569,0.80733,1,-61.5,0.51235,925.75,18,3
0.060972,0.81301,-0.10491,4,-68.0,4.8781,922.75,16,4
0.70587,0.79004,0.043332,2,-59.5,0.28225,920.75,17,2
1.2921,-0.41569,0.088944,3,-57.0,0.57524,921.25,23,3
0.7645,0.73263,0.077541,2,-57.5,6.2387,920.75,15,2
0.74105,-0.025263,0.80733,4,-58.0,5.8368,923.75,17,3
0.29548,0.98526,-0.070699,2,-47.5,1.5739,921.75,17,4
0.049247,0.88191,-0.047893,3,-60.0,1.0109,921.25,17,1
0.94038,0.35368,-0.025087,4,-56.5,0.24083,922.25,19,3
0.29548,0.97377,-0.047893,2,-47.0,0.56604,922.75,17,4
-0.032831,0.95081,0.12315,2,-46.0,4.1862,925.25,27,4
1.1632,0.19292,0.031928,4,-57.0,4.7691,924.25,19,3
0.91693,0.2044,0.57927,1,-65.5,3.8779,922.25,19,3
0.8114,0.2733,0.51086,4,-57.5,1.2931,920.75,19,3
-0.65428,0.88191,0.21438,2,-47.5,0.41417,925.25,22,4
0.27203,0.90487,0.24859,4,-55.5,5.7248,925.25,18,1
1.1866,0.2044,0.031928,4,-57.0,4.8673,923.25,19,3
-0.4784,0.95081,0.020525,2,-46.0,4.3013,923.25,21,4
0.31893,0.96229,-0.025087,2,-43.0,5.1327,924.75,16,4
0.40101,0.97377,-0.025087,1,-59.0,0.056757,923.25,16,4
0.28376,0.93932,0.21438,2,-57.5,0.044485,920.25,18,2
0.84658,0.73263,0.20297,2,-56.5,5.7356,922.25,16,2
0.72932,0.77856,0.15736,2,-55.0,1.0247,925.75,16,2
1.0225,0.28478,-0.059296,4,-58.0,1.0753,924.25,19,3
0.28376,0.11254,0.93277,3,-64.0,5.1956,923.75,27,3
1.0459,-0.30086,-0.025087,1,-62.5,5.2646,923.75,23,3
0.56517,0.83597,0.066138,2,-57.5,0.11505,920.75,16,2
0.78795,0.078086,1.0012,3,-67.0,5.7739,921.25,30,3
0.51826,0.15847,0.92136,4,-57.0,0.42798,925.25,29,3
1.2218,0.16995,0.054735,4,-56.5,0.087437,925.75,19,3
0.77622,-0.01378,0.72751,1,-67.5,5.6696,924.25,16,3
0.2134,1.2264,-0.15052,1,-62.5,0.12272,924.25,15,4
0.2603,0.98526,0.054735,1,-57.5,2.1476,923.25,27,1
-0.044557,0.96229,0.020525,4,-57.0,0.084369,923.25,16,4
0.34238,0.96229,0.088944,3,-59.5,2.9974,925.25,27,1
0.35411,0.97377,0.054735,1,-55.5,0.8805,925.25,27,1
0.28376,0.97377,0.054735,3,-61.5,5.7448,924.75,28,1
0.13132,0.99674,0.14596,2,-55.5,5.5315,923.25,18,2
0.31893,0.95081,-0.03649,2,-45.5,6.073,922.75,16,4
0.30721,0.97377,-0.03649,2,-45.5,6.1068,922.75,16,4
0.8583,0.2733,0.54506,1,-60.0,4.5513,925.25,19,3
0.1665,1.0197,0.0091224,1,-56.0,0.024544,925.75,28,1
0.31893,0.97377,0.066138,4,-56.0,0.2393,923.75,28,1
0.33066,0.97377,0.066138,3,-58.0,4.2967,923.25,27,1
0.18995,1.0082,-0.082102,2,-58.0,6.0562,923.75,33,2
0.23685,0.90487,-0.059296,2,-45.0,4.9241,925.25,15,4
0.51826,0.89339,0.088944,2,-44.5,5.6941,923.75,16,4
0.87003,0.10105,0.54506,1,-62.0,4.2783,925.75,22,3
0.69414,0.80152,0.12315,2,-57.0,6.228,921.25,16,2
0.28376,0.98526,-0.03649,2,-45.0,5.0836,925.75,15,4
0.049247,0.88191,-0.047893,1,-68.0,4.309,921.75,17,1
0.31893,0.91636,-0.10491,1,-40.0,1.9604,921.75,17,4
0.24858,0.96229,-0.03649,2,-44.0,5.7371,924.75,15,4
0.33066,0.97377,0.066138,1,-58.0,1.0907,924.25,27,1
0.75277,0.76708,0.14596,2,-55.0,4.9364,924.25,16,2
0.94038,0.2733,-0.093505,4,-55.0,0.53076,925.25,19,3
0.31893,0.96229,-0.03649,2,-47.0,0.70563,921.25,16,4
1.1397,0.21588,-0.0022806,1,-64.5,1.7012,924.75,19,3
1.0107,0.28478,-0.025087,4,-57.5,0.60132,921.75,19,3
0.31893,0.96229,0.043332,1,-59.0,1.988,923.25,27,1
0.27203,0.92784,0.20297,2,-54.5,5.2109,924.75,18,2
0.49481,0.91636,0.11175,1,-58.0,6.0086,925.75,27,1
0.28376,0.97377,0.043332,3,-55.5,5.4809,925.75,27,1
0.49481,0.91636,0.11175,3,-56.5,5.9534,925.25,27,1
0.40101,0.95081,0.088944,3,-63.5,6.2402,924.75,28,1
0.2603,0.97377,-0.0022806,2,-57.5,0.096641,923.25,33,2
0.38928,0.93932,0.11175,3,-61.5,0.82375,922.75,28,1
0.8583,0.73263,0.21438,2,-59.0,6.1083,921.25,17,2
0.15478,0.85894,-0.059296,2,-47.5,6.2203,921.25,16,4
0.9052,0.70966,0.21438,2,-56.0,5.6374,922.75,16,2
0.23685,1.0312,0.031928,3,-56.5,4.9011,922.75,27,1
0.27203,0.99674,0.077541,1,-57.0,0.66728,925.25,27,1
0.79967,0.28478,0.47665,4,-56.0,5.7724,923.25,19,3
0.084423,0.76708,0.2828,2,-54.5,1.7595,924.25,32,2
0.58862,0.38813,0.89856,3,-57.0,2.3439,923.75,15,1
0.23685,1.0312,0.031928,1,-57.5,2.2488,923.25,27,1
1.0107,0.29627,-0.059296,4,-58.0,1.6368,923.25,19,3
0.14305,0.98526,0.15736,2,-58.0,0.21629,920.25,18,2
0.45964,0.92784,0.043332,4,-52.5,1.6168,925.25,16,4
0.91693,0.69818,0.14596,2,-57.0,5.4272,923.75,17,2
1.0459,0.055119,0.45384,3,-58.5,0.033748,923.25,32,3
0.9521,0.69818,0.16876,2,-58.0,5.9626,922.25,17,2
0.79967,0.18143,0.59068,1,-68.5,0.70563,921.25,18,3
0.62379,0.02067,0.88716,3,-63.5,1.7211,924.75,27,3
1.128,0.2044,0.043332,4,-59.0,6.1221,921.75,19,3
-0.34942,1.146,-0.11631,2,-51.0,4.197,921.25,15,2
1.3742,-0.22048,0.25999,3,-56.5,5.3567,924.25,17,3
1.1045,-0.45014,0.11175,3,-56.5,0.76085,920.25,24,3
0.2603,0.97377,-0.0022806,2,-55.5,1.9681,925.25,33,2
0.51826,0.89339,0.088944,2,-44.5,5.7064,923.75,16,4
0.33066,1.0656,-0.03649,1,-43.5,6.1574,920.75,17,4
-0.39632,0.97377,0.13456,2,-48.0,5.0437,923.75,19,4
0.72932,0.75559,0.15736,2,-55.5,1.1735,925.75,16,2
0.23685,1.0082,0.031928,1,-58.0,0.70256,921.75,27,1
0.060972,0.97377,0.020525,4,-57.0,4.4608,925.25,17,4
0.27203,0.92784,0.20297,2,-54.5,5.0928,924.25,18,2
0.62379,0.83597,0.088944,2,-58.0,4.5314,924.25,16,2
0.58862,0.85894,0.066138,2,-55.5,5.3444,923.25,16,2
-0.091458,1.1001,-0.21894,2,-56.5,6.2004,921.25,16,4
0.54171,0.066602,0.95557,4,-57.5,0.24083,922.75,15,3
0.99901,0.1355,0.40823,1,-62.0,5.8092,923.25,22,3
0.22513,1.0082,0.066138,2,-43.0,4.8689,924.25,17,4
1.0576,0.2733,-0.03649,3,-49.5,0.21322,925.25,19,3
0.99901,0.28478,-0.025087,4,-57.0,0.59212,921.25,19,3
0.54171,0.066602,0.95557,3,-65.5,0.052155,920.25,15,3
-0.32597,0.92784,0.054735,2,-54.0,4.3458,924.75,27,2
0.97555,0.29627,-0.093505,4,-57.0,3.8641,924.75,19,3
0.40101,0.95081,0.088944,3,-62.0,0.95414,923.25,28,1
0.97555,-0.40421,0.054735,4,-65.0,6.2234,923.25,24,3
0.1665,0.97377,-0.013684,4,-58.5,5.4073,924.75,16,1
0.41273,0.91636,0.020525,2,-47.5,5.8107,924.25,29,4
0.75277,0.77856,0.16876,2,-55.5,5.2079,923.75,16,2
1.2687,-0.41569,0.066138,1,-62.5,5.283,923.75,23,3
0.33066,0.93932,-0.047893,2,-43.5,4.6173,925.25,16,4
0.28376,1.0082,0.066138,2,-44.0,0.17334,924.25,17,4
0.82312,0.72114,-0.013684,2,-58.5,5.777,925.25,24,2
0.28376,0.99674,0.066138,1,-58.0,1.7319,923.75,27,1
1.1866,0.078086,0.6705,4,-56.5,1.3944,922.25,20,3
0.2603,0.98526,-0.17333,4,-63.5,5.2907,921.75,17,4
0.33066,0.96229,-0.013684,2,-45.5,0.39117,922.25,16,4
0.44791,0.91636,0.12315,3,-58.5,4.3872,923.25,27,1
1.1632,0.19292,0.031928,4,-60.0,0.90812,920.25,19,3
0.24858,1.1001,0.066138,2,-44.5,0.60132,925.75,17,4
0.24858,0.97377,-0.0022806,2,-47.0,5.2938,925.25,17,4
0.41273,0.91636,0.020525,2,-47.5,5.8138,924.25,29,4
0.57689,0.89339,0.22578,2,-48.5,5.6251,921.75,32,4
-0.044557,0.96229,0.020525,3,-57.5,5.7524,922.75,16,4
1.2101,-0.49607,0.066138,3,-57.5,2.1123,925.75,25,3
0.8583,0.73263,0.21438,2,-58.0,5.6589,922.75,17,2
0.31893,0.99674,-0.025087,1,-60.0,4.3013,922.75,15,4
0.037521,0.91636,-0.36718,2,-47.0,4.1586,923.25,26,4
0.82312,0.73263,0.20297,2,-56.5,1.0738,925.75,17,2
1.257,0.15847,0.088944,4,-58.5,1.2916,920.75,19,3
0.35411,0.97377,0.054735,3,-57.5,3.3732,925.25,27,1
-0.17354,0.57186,0.71611,4,-57.0,4.0681,925.25,27,1
0.94038,0.69818,0.15736,2,-56.0,4.6556,925.25,17,2
0.47136,0.69818,0.11175,1,-63.5,4.9241,922.75,16,4
1.0811,-0.32383,-0.0022806,3,-57.0,0.087437,922.25,23,3
0.58862,0.12402,0.96698,3,-61.0,5.6128,923.75,30,3
0.17823,1.0197,0.0091224,3,-61.0,2.169,925.75,28,1
0.24858,0.98526,0.0091224,2,-45.5,1.2057,922.75,15,4
0.14305,1.0427,-0.0022806,4,-54.5,1.2625,925.75,28,1
0.1665,1.0197,0.0091224,1,-58.0,0.61206,924.75,28,1
0.69414,0.82449,0.14596,2,-56.5,1.3944,925.25,17,2
0.14305,1.0427,-0.0022806,1,-55.0,3.9024,924.75,28,1
0.1196,1.1001,-0.20754,2,-56.5,2.2427,921.25,17,4
0.94038,0.2044,0.55647,4,-55.0,5.0836,924.25,19,3
0.28376,0.96229,-0.0022806,2,-42.5,4.9824,925.75,16,4
0.17823,1.0197,0.0091224,1,-60.0,5.5622,922.25,28,1
0.30721,0.97377,0.054735,3,-61.5,5.688,920.75,27,1
1.0811,0.055119,0.75032,4,-56.0,0.30526,924.25,20,3
0.30721,0.97377,0.088944,3,-56.5,0.30833,924.75,27,1
0.30721,0.95081,-0.047893,2,-45.5,5.4134,924.75,17,4
0.75277,0.11254,0.48805,4,-56.5,6.0454,921.25,22,3
0.50654,0.91636,0.043332,1,-61.5,0.95567,923.25,17,4
0.41273,0.93932,0.11175,1,-57.0,1.333,924.25,27,1
0.27203,0.97377,0.031928,2,-44.0,0.024544,924.25,16,4
0.72932,0.81301,0.13456,2,-57.0,0.21016,920.75,16,2
0.060972,0.88191,-0.070699,4,-57.5,2.0785,920.75,15,1
0.8583,0.73263,0.22578,2,-54.5,5.0038,924.25,16,2
1.0459,-0.30086,-0.025087,1,-60.5,3.8871,925.75,23,3
0.2134,0.96229,-0.0022806,4,-58.5,5.4732,924.75,16,1
0.27203,0.99674,0.0091224,1,-58.0,4.1832,921.25,27,1
0.072698,1.0197,0.11175,2,-58.0,5.5776,921.25,18,2
0.61207,0.84746,0.066138,2,-55.5,5.5515,922.75,16,2
0.33066,0.97377,0.077541,1,-57.0,1.6552,923.75,27,1
0.38928,0.93932,0.12315,1,-55.5,1.7871,925.25,28,1
0.62379,0.078086,0.88716,4,-56.0,3.8518,924.25,27,3
0.072698,0.76708,0.077541,2,-57.5,1.3116,925.75,15,2
0.67069,0.75559,0.031928,2,-56.5,6.2004,920.75,15,2
0.97555,0.28478,-0.03649,4,-56.5,6.0331,922.25,19,3
0.38928,0.95081,0.077541,1,-55.5,0.57831,925.75,27,4
0.34238,0.97377,0.054735,2,-44.0,5.8399,924.75,15,4
0.2603,0.97377,-0.03649,2,-45.5,6.2464,923.75,15,4
0.2603,0.055119,0.95557,4,-56.5,6.1405,924.25,28,3
-0.38459,1.0542,-0.059296,2,-55.5,2.5556,922.75,28,2
0.22513,0.99674,-0.03649,1,-60.5,2.2258,924.75,15,4
0.2603,0.97377,0.031928,1,-61.0,1.1091,925.75,15,4
0.7645,-0.025263,0.71611,3,-57.0,5.7264,924.75,16,3
1.1045,-0.45014,0.11175,4,-65.0,6.2142,923.25,24,3
0.23685,1.0082,0.031928,3,-56.5,3.9653,924.25,27,1
0.96383,0.14698,0.57927,4,-55.5,6.2786,924.25,20,3
0.2603,0.98526,0.054735,3,-57.5,4.7507,922.75,27,1
0.0023451,0.62928,-0.025087,2,-47.5,5.0422,922.75,15,4
0.72932,0.77856,0.15736,2,-57.5,5.3643,923.25,17,2
0.2603,0.97377,-0.0022806,2,-55.0,2.2534,924.75,33,2
0.33066,0.96229,-0.013684,2,-45.5,0.42184,922.25,16,4
0.2603,0.97377,-0.0022806,2,-57.5,0.15033,923.25,33,2
0.30721,0.97377,0.054735,1,-58.5,0.29299,925.25,27,1
0.35411,0.97377,0.054735,1,-57.0,2.1215,923.75,27,1
0.33066,0.97377,0.031928,3,-56.5,0.041417,924.75,27,1
0.69414,0.80152,0.11175,2,-55.0,5.958,921.75,16,2
-0.11491,0.88191,0.10035,2,-54.5,3.9132,925.75,29,2
0.9521,0.2733,-0.059296,4,-56.0,0.89584,925.25,19,3
0.2603,1.0082,0.043332,2,-48.5,1.2732,920.75,15,4
0.68242,0.83597,0.14596,2,-46.5,0.33901,921.75,16,4
0.23685,1.0312,0.031928,1,-57.0,1.0063,924.75,27,1
-0.27906,0.89339,0.18017,2,-48.0,1.6705,922.75,31,4
0.096148,0.89339,0.14596,2,-46.5,1.7119,925.75,19,4
0.70587,0.79004,0.043332,2,-56.0,1.2747,925.75,17,2
0.37756,0.97377,0.020525,1,-59.5,0.47247,925.75,16,4
0.40101,1.0886,0.24859,2,-45.5,0.19788,923.25,17,4
-0.056282,0.87042,0.15736,2,-50.0,4.5099,924.25,29,4
0.049247,0.88191,-0.047893,3,-58.0,5.731,925.75,17,1
0.1665,0.97377,-0.013684,4,-56.5,4.7937,922.75,16,1
